id,case_name,url,expected_title,expected_home_text,expected_find_owners_text,expected_veterinarians_text,note
701,HomePage_Case_701,http://localhost:8080,PetClinic :: a Spring Framework demonstration,Home,Find Owners,Veterinarians,Expanded scenario 701
702,HomePage_Case_702,http://localhost:8080/,PetClinic :: a Spring Framework demonstration,Home,Find Owners,Veterinarians,Expanded scenario 702
703,HomePage_Case_703,http://localhost:8080,PetClinic :: a Spring Framework demonstration,Home,Find Owners,Veterinarians,Expanded scenario 703
704,HomePage_Case_704,http://localhost:8080,PetClinic :: a Spring Framework demonstration,Home,Find Owners,Veterinarians,Expanded scenario 704
705,HomePage_Case_705,http://localhost:8080,PetClinic :: a Spring Framework demonstration,Home,Find Owners,Veterinarians,Expanded scenario 705
706,HomePage_Case_706,http://localhost:8080,PetClinic :: a Spring Framework demonstration,Home,Find Owners,Veterinarians,Expanded scenario 706
707,HomePage_Case_707,http://localhost:8080,PetClinic :: a Spring Framework demonstration,Home,Find Owners,Veterinarians,Expanded scenario 707
708,HomePage_Case_708,http://localhost:8080,PetClinic :: a Spring Framework demonstration,Home,Find Owners,Veterinarians,Expanded scenario 708
709,HomePage_Case_709,http://localhost:8080,PetClinic :: a Spring Framework demonstration,Home,Find Owners,Veterinarians,Expanded scenario 709
710,HomePage_Case_710,http://localhost:8080,PetClinic :: a Spring Framework demonstration,Home,Find Owners,Veterinarians,Expanded scenario 710
711,HomePage_Case_711,http://localhost:8080,PetClinic :: a Spring Framework demonstration,Home,Find Owners,Veterinarians,Expanded scenario 711
712,HomePage_Case_712,http://localhost:8080/,PetClinic :: a Spring Framework demonstration,Home,Find Owners,Veterinarians,Expanded scenario 712
713,HomePage_Case_713,http://localhost:8080,PetClinic :: a Spring Framework demonstration,Home,Find Owners,Veterinarians,Expanded scenario 713
714,HomePage_Case_714,http://localhost:8080,PetClinic :: a Spring Framework demonstration,Home,Find Owners,Veterinarians,Expanded scenario 714
715,HomePage_Case_715,http://localhost:8080,PetClinic :: a Spring Framework demonstration,Home,Find Owners,Veterinarians,Expanded scenario 715
716,HomePage_Case_716,http://localhost:8080,PetClinic :: a Spring Framework demonstration,Home,Find Owners,Veterinarians,Expanded scenario 716
717,HomePage_Case_717,http://localhost:8080,PetClinic :: a Spring Framework demonstration,Home,Find Owners,Veterinarians,Expanded scenario 717
718,HomePage_Case_718,http://localhost:8080,PetClinic :: a Spring Framework demonstration,Home,Find Owners,Veterinarians,Expanded scenario 718
719,HomePage_Case_719,http://localhost:8080,PetClinic :: a Spring Framework demonstration,Home,Find Owners,Veterinarians,Expanded scenario 719
720,HomePage_Case_720,http://localhost:8080,PetClinic :: a Spring Framework demonstration,Home,Find Owners,Veterinarians,Expanded scenario 720
721,HomePage_Case_721,http://localhost:8080,PetClinic :: a Spring Framework demonstration,Home,Find Owners,Veterinarians,Expanded scenario 721
722,HomePage_Case_722,http://localhost:8080/,PetClinic :: a Spring Framework demonstration,Home,Find Owners,Veterinarians,Expanded scenario 722
723,HomePage_Case_723,http://localhost:8080,PetClinic :: a Spring Framework demonstration,Home,Find Owners,Veterinarians,Expanded scenario 723
724,HomePage_Case_724,http://localhost:8080,PetClinic :: a Spring Framework demonstration,Home,Find Owners,Veterinarians,Expanded scenario 724
725,HomePage_Case_725,http://localhost:8080,PetClinic :: a Spring Framework demonstration,Home,Find Owners,Veterinarians,Expanded scenario 725
726,HomePage_Case_726,http://localhost:8080,PetClinic :: a Spring Framework demonstration,Home,Find Owners,Veterinarians,Expanded scenario 726
727,HomePage_Case_727,http://localhost:8080,PetClinic :: a Spring Framework demonstration,Home,Find Owners,Veterinarians,Expanded scenario 727
728,HomePage_Case_728,http://localhost:8080,PetClinic :: a Spring Framework demonstration,Home,Find Owners,Veterinarians,Expanded scenario 728
729,HomePage_Case_729,http://localhost:8080,PetClinic :: a Spring Framework demonstration,Home,Find Owners,Veterinarians,Expanded scenario 729
730,HomePage_Case_730,http://localhost:8080,PetClinic :: a Spring Framework demonstration,Home,Find Owners,Veterinarians,Expanded scenario 730
731,HomePage_Case_731,http://localhost:8080,PetClinic :: a Spring Framework demonstration,Home,Find Owners,Veterinarians,Expanded scenario 731
732,HomePage_Case_732,http://localhost:8080/,PetClinic :: a Spring Framework demonstration,Home,Find Owners,Veterinarians,Expanded scenario 732
733,HomePage_Case_733,http://localhost:8080,PetClinic :: a Spring Framework demonstration,Home,Find Owners,Veterinarians,Expanded scenario 733
734,HomePage_Case_734,http://localhost:8080,PetClinic :: a Spring Framework demonstration,Home,Find Owners,Veterinarians,Expanded scenario 734
735,HomePage_Case_735,http://localhost:8080,PetClinic :: a Spring Framework demonstration,Home,Find Owners,Veterinarians,Expanded scenario 735
736,HomePage_Case_736,http://localhost:8080,PetClinic :: a Spring Framework demonstration,Home,Find Owners,Veterinarians,Expanded scenario 736
737,HomePage_Case_737,http://localhost:8080,PetClinic :: a Spring Framework demonstration,Home,Find Owners,Veterinarians,Expanded scenario 737
738,HomePage_Case_738,http://localhost:8080,PetClinic :: a Spring Framework demonstration,Home,Find Owners,Veterinarians,Expanded scenario 738
739,HomePage_Case_739,http://localhost:8080,PetClinic :: a Spring Framework demonstration,Home,Find Owners,Veterinarians,Expanded scenario 739
740,HomePage_Case_740,http://localhost:8080,PetClinic :: a Spring Framework demonstration,Home,Find Owners,Veterinarians,Expanded scenario 740
741,HomePage_Case_741,http://localhost:8080,PetClinic :: a Spring Framework demonstration,Home,Find Owners,Veterinarians,Expanded scenario 741
742,HomePage_Case_742,http://localhost:8080/,PetClinic :: a Spring Framework demonstration,Home,Find Owners,Veterinarians,Expanded scenario 742
743,HomePage_Case_743,http://localhost:8080,PetClinic :: a Spring Framework demonstration,Home,Find Owners,Veterinarians,Expanded scenario 743
744,HomePage_Case_744,http://localhost:8080,PetClinic :: a Spring Framework demonstration,Home,Find Owners,Veterinarians,Expanded scenario 744
745,HomePage_Case_745,http://localhost:8080,PetClinic :: a Spring Framework demonstration,Home,Find Owners,Veterinarians,Expanded scenario 745
746,HomePage_Case_746,http://localhost:8080,PetClinic :: a Spring Framework demonstration,Home,Find Owners,Veterinarians,Expanded scenario 746
747,HomePage_Case_747,http://localhost:8080,PetClinic :: a Spring Framework demonstration,Home,Find Owners,Veterinarians,Expanded scenario 747
748,HomePage_Case_748,http://localhost:8080,PetClinic :: a Spring Framework demonstration,Home,Find Owners,Veterinarians,Expanded scenario 748
749,HomePage_Case_749,http://localhost:8080,PetClinic :: a Spring Framework demonstration,Home,Find Owners,Veterinarians,Expanded scenario 749
750,HomePage_Case_750,http://localhost:8080,PetClinic :: a Spring Framework demonstration,Home,Find Owners,Veterinarians,Expanded scenario 750
751,HomePage_Case_751,http://localhost:8080,PetClinic :: a Spring Framework demonstration,Home,Find Owners,Veterinarians,Expanded scenario 751
752,HomePage_Case_752,http://localhost:8080/,PetClinic :: a Spring Framework demonstration,Home,Find Owners,Veterinarians,Expanded scenario 752
753,HomePage_Case_753,http://localhost:8080,PetClinic :: a Spring Framework demonstration,Home,Find Owners,Veterinarians,Expanded scenario 753
754,HomePage_Case_754,http://localhost:8080,PetClinic :: a Spring Framework demonstration,Home,Find Owners,Veterinarians,Expanded scenario 754
755,HomePage_Case_755,http://localhost:8080,PetClinic :: a Spring Framework demonstration,Home,Find Owners,Veterinarians,Expanded scenario 755
756,HomePage_Case_756,http://localhost:8080,PetClinic :: a Spring Framework demonstration,Home,Find Owners,Veterinarians,Expanded scenario 756
757,HomePage_Case_757,http://localhost:8080,PetClinic :: a Spring Framework demonstration,Home,Find Owners,Veterinarians,Expanded scenario 757
758,HomePage_Case_758,http://localhost:8080,PetClinic :: a Spring Framework demonstration,Home,Find Owners,Veterinarians,Expanded scenario 758
759,HomePage_Case_759,http://localhost:8080,PetClinic :: a Spring Framework demonstration,Home,Find Owners,Veterinarians,Expanded scenario 759
760,HomePage_Case_760,http://localhost:8080,PetClinic :: a Spring Framework demonstration,Home,Find Owners,Veterinarians,Expanded scenario 760
761,HomePage_Case_761,http://localhost:8080,PetClinic :: a Spring Framework demonstration,Home,Find Owners,Veterinarians,Expanded scenario 761
762,HomePage_Case_762,http://localhost:8080/,PetClinic :: a Spring Framework demonstration,Home,Find Owners,Veterinarians,Expanded scenario 762
763,HomePage_Case_763,http://localhost:8080,PetClinic :: a Spring Framework demonstration,Home,Find Owners,Veterinarians,Expanded scenario 763
764,HomePage_Case_764,http://localhost:8080,PetClinic :: a Spring Framework demonstration,Home,Find Owners,Veterinarians,Expanded scenario 764
765,HomePage_Case_765,http://localhost:8080,PetClinic :: a Spring Framework demonstration,Home,Find Owners,Veterinarians,Expanded scenario 765
766,HomePage_Case_766,http://localhost:8080,PetClinic :: a Spring Framework demonstration,Home,Find Owners,Veterinarians,Expanded scenario 766
767,HomePage_Case_767,http://localhost:8080,PetClinic :: a Spring Framework demonstration,Home,Find Owners,Veterinarians,Expanded scenario 767
768,HomePage_Case_768,http://localhost:8080,PetClinic :: a Spring Framework demonstration,Home,Find Owners,Veterinarians,Expanded scenario 768
769,HomePage_Case_769,http://localhost:8080,PetClinic :: a Spring Framework demonstration,Home,Find Owners,Veterinarians,Expanded scenario 769
770,HomePage_Case_770,http://localhost:8080,PetClinic :: a Spring Framework demonstration,Home,Find Owners,Veterinarians,Expanded scenario 770
771,HomePage_Case_771,http://localhost:8080,PetClinic :: a Spring Framework demonstration,Home,Find Owners,Veterinarians,Expanded scenario 771
772,HomePage_Case_772,http://localhost:8080/,PetClinic :: a Spring Framework demonstration,Home,Find Owners,Veterinarians,Expanded scenario 772
773,HomePage_Case_773,http://localhost:8080,PetClinic :: a Spring Framework demonstration,Home,Find Owners,Veterinarians,Expanded scenario 773
774,HomePage_Case_774,http://localhost:8080,PetClinic :: a Spring Framework demonstration,Home,Find Owners,Veterinarians,Expanded scenario 774
775,HomePage_Case_775,http://localhost:8080,PetClinic :: a Spring Framework demonstration,Home,Find Owners,Veterinarians,Expanded scenario 775
776,HomePage_Case_776,http://localhost:8080,PetClinic :: a Spring Framework demonstration,Home,Find Owners,Veterinarians,Expanded scenario 776
777,HomePage_Case_777,http://localhost:8080,PetClinic :: a Spring Framework demonstration,Home,Find Owners,Veterinarians,Expanded scenario 777
778,HomePage_Case_778,http://localhost:8080,PetClinic :: a Spring Framework demonstration,Home,Find Owners,Veterinarians,Expanded scenario 778
779,HomePage_Case_779,http://localhost:8080,PetClinic :: a Spring Framework demonstration,Home,Find Owners,Veterinarians,Expanded scenario 779
780,HomePage_Case_780,http://localhost:8080,PetClinic :: a Spring Framework demonstration,Home,Find Owners,Veterinarians,Expanded scenario 780
781,HomePage_Case_781,http://localhost:8080,PetClinic :: a Spring Framework demonstration,Home,Find Owners,Veterinarians,Expanded scenario 781
782,HomePage_Case_782,http://localhost:8080/,PetClinic :: a Spring Framework demonstration,Home,Find Owners,Veterinarians,Expanded scenario 782
783,HomePage_Case_783,http://localhost:8080,PetClinic :: a Spring Framework demonstration,Home,Find Owners,Veterinarians,Expanded scenario 783
784,HomePage_Case_784,http://localhost:8080,PetClinic :: a Spring Framework demonstration,Home,Find Owners,Veterinarians,Expanded scenario 784
785,HomePage_Case_785,http://localhost:8080,PetClinic :: a Spring Framework demonstration,Home,Find Owners,Veterinarians,Expanded scenario 785
786,HomePage_Case_786,http://localhost:8080,PetClinic :: a Spring Framework demonstration,Home,Find Owners,Veterinarians,Expanded scenario 786
787,HomePage_Case_787,http://localhost:8080,PetClinic :: a Spring Framework demonstration,Home,Find Owners,Veterinarians,Expanded scenario 787
788,HomePage_Case_788,http://localhost:8080,PetClinic :: a Spring Framework demonstration,Home,Find Owners,Veterinarians,Expanded scenario 788
789,HomePage_Case_789,http://localhost:8080,PetClinic :: a Spring Framework demonstration,Home,Find Owners,Veterinarians,Expanded scenario 789
790,HomePage_Case_790,http://localhost:8080,PetClinic :: a Spring Framework demonstration,Home,Find Owners,Veterinarians,Expanded scenario 790
791,HomePage_Case_791,http://localhost:8080,PetClinic :: a Spring Framework demonstration,Home,Find Owners,Veterinarians,Expanded scenario 791
792,HomePage_Case_792,http://localhost:8080/,PetClinic :: a Spring Framework demonstration,Home,Find Owners,Veterinarians,Expanded scenario 792
793,HomePage_Case_793,http://localhost:8080,PetClinic :: a Spring Framework demonstration,Home,Find Owners,Veterinarians,Expanded scenario 793
794,HomePage_Case_794,http://localhost:8080,PetClinic :: a Spring Framework demonstration,Home,Find Owners,Veterinarians,Expanded scenario 794
795,HomePage_Case_795,http://localhost:8080,PetClinic :: a Spring Framework demonstration,Home,Find Owners,Veterinarians,Expanded scenario 795
796,HomePage_Case_796,http://localhost:8080,PetClinic :: a Spring Framework demonstration,Home,Find Owners,Veterinarians,Expanded scenario 796
797,HomePage_Case_797,http://localhost:8080,PetClinic :: a Spring Framework demonstration,Home,Find Owners,Veterinarians,Expanded scenario 797
798,HomePage_Case_798,http://localhost:8080,PetClinic :: a Spring Framework demonstration,Home,Find Owners,Veterinarians,Expanded scenario 798
799,HomePage_Case_799,http://localhost:8080,PetClinic :: a Spring Framework demonstration,Home,Find Owners,Veterinarians,Expanded scenario 799
800,HomePage_Case_800,http://localhost:8080,PetClinic :: a Spring Framework demonstration,Home,Find Owners,Veterinarians,Expanded scenario 800
801,HomePage_Case_801,http://localhost:8080,PetClinic :: a Spring Framework demonstration,Home,Find Owners,Veterinarians,Expanded scenario 801
802,HomePage_Case_802,http://localhost:8080/,PetClinic :: a Spring Framework demonstration,Home,Find Owners,Veterinarians,Expanded scenario 802
803,HomePage_Case_803,http://localhost:8080,PetClinic :: a Spring Framework demonstration,Home,Find Owners,Veterinarians,Expanded scenario 803
804,HomePage_Case_804,http://localhost:8080,PetClinic :: a Spring Framework demonstration,Home,Find Owners,Veterinarians,Expanded scenario 804
805,HomePage_Case_805,http://localhost:8080,PetClinic :: a Spring Framework demonstration,Home,Find Owners,Veterinarians,Expanded scenario 805
806,HomePage_Case_806,http://localhost:8080,PetClinic :: a Spring Framework demonstration,Home,Find Owners,Veterinarians,Expanded scenario 806
807,HomePage_Case_807,http://localhost:8080,PetClinic :: a Spring Framework demonstration,Home,Find Owners,Veterinarians,Expanded scenario 807
808,HomePage_Case_808,http://localhost:8080,PetClinic :: a Spring Framework demonstration,Home,Find Owners,Veterinarians,Expanded scenario 808
809,HomePage_Case_809,http://localhost:8080,PetClinic :: a Spring Framework demonstration,Home,Find Owners,Veterinarians,Expanded scenario 809
810,HomePage_Case_810,http://localhost:8080,PetClinic :: a Spring Framework demonstration,Home,Find Owners,Veterinarians,Expanded scenario 810
811,HomePage_Case_811,http://localhost:8080,PetClinic :: a Spring Framework demonstration,Home,Find Owners,Veterinarians,Expanded scenario 811
812,HomePage_Case_812,http://localhost:8080/,PetClinic :: a Spring Framework demonstration,Home,Find Owners,Veterinarians,Expanded scenario 812
813,HomePage_Case_813,http://localhost:8080,PetClinic :: a Spring Framework demonstration,Home,Find Owners,Veterinarians,Expanded scenario 813
814,HomePage_Case_814,http://localhost:8080,PetClinic :: a Spring Framework demonstration,Home,Find Owners,Veterinarians,Expanded scenario 814
815,HomePage_Case_815,http://localhost:8080,PetClinic :: a Spring Framework demonstration,Home,Find Owners,Veterinarians,Expanded scenario 815
816,HomePage_Case_816,http://localhost:8080,PetClinic :: a Spring Framework demonstration,Home,Find Owners,Veterinarians,Expanded scenario 816
817,HomePage_Case_817,http://localhost:8080,PetClinic :: a Spring Framework demonstration,Home,Find Owners,Veterinarians,Expanded scenario 817
818,HomePage_Case_818,http://localhost:8080,PetClinic :: a Spring Framework demonstration,Home,Find Owners,Veterinarians,Expanded scenario 818
819,HomePage_Case_819,http://localhost:8080,PetClinic :: a Spring Framework demonstration,Home,Find Owners,Veterinarians,Expanded scenario 819
820,HomePage_Case_820,http://localhost:8080,PetClinic :: a Spring Framework demonstration,Home,Find Owners,Veterinarians,Expanded scenario 820
821,HomePage_Case_821,http://localhost:8080,PetClinic :: a Spring Framework demonstration,Home,Find Owners,Veterinarians,Expanded scenario 821
822,HomePage_Case_822,http://localhost:8080/,PetClinic :: a Spring Framework demonstration,Home,Find Owners,Veterinarians,Expanded scenario 822
823,HomePage_Case_823,http://localhost:8080,PetClinic :: a Spring Framework demonstration,Home,Find Owners,Veterinarians,Expanded scenario 823
824,HomePage_Case_824,http://localhost:8080,PetClinic :: a Spring Framework demonstration,Home,Find Owners,Veterinarians,Expanded scenario 824
825,HomePage_Case_825,http://localhost:8080,PetClinic :: a Spring Framework demonstration,Home,Find Owners,Veterinarians,Expanded scenario 825
826,HomePage_Case_826,http://localhost:8080,PetClinic :: a Spring Framework demonstration,Home,Find Owners,Veterinarians,Expanded scenario 826
827,HomePage_Case_827,http://localhost:8080,PetClinic :: a Spring Framework demonstration,Home,Find Owners,Veterinarians,Expanded scenario 827
828,HomePage_Case_828,http://localhost:8080,PetClinic :: a Spring Framework demonstration,Home,Find Owners,Veterinarians,Expanded scenario 828
829,HomePage_Case_829,http://localhost:8080,PetClinic :: a Spring Framework demonstration,Home,Find Owners,Veterinarians,Expanded scenario 829
830,HomePage_Case_830,http://localhost:8080,PetClinic :: a Spring Framework demonstration,Home,Find Owners,Veterinarians,Expanded scenario 830
831,HomePage_Case_831,http://localhost:8080,PetClinic :: a Spring Framework demonstration,Home,Find Owners,Veterinarians,Expanded scenario 831
832,HomePage_Case_832,http://localhost:8080/,PetClinic :: a Spring Framework demonstration,Home,Find Owners,Veterinarians,Expanded scenario 832
833,HomePage_Case_833,http://localhost:8080,PetClinic :: a Spring Framework demonstration,Home,Find Owners,Veterinarians,Expanded scenario 833
834,HomePage_Case_834,http://localhost:8080,PetClinic :: a Spring Framework demonstration,Home,Find Owners,Veterinarians,Expanded scenario 834
835,HomePage_Case_835,http://localhost:8080,PetClinic :: a Spring Framework demonstration,Home,Find Owners,Veterinarians,Expanded scenario 835
836,HomePage_Case_836,http://localhost:8080,PetClinic :: a Spring Framework demonstration,Home,Find Owners,Veterinarians,Expanded scenario 836
837,HomePage_Case_837,http://localhost:8080,PetClinic :: a Spring Framework demonstration,Home,Find Owners,Veterinarians,Expanded scenario 837
838,HomePage_Case_838,http://localhost:8080,PetClinic :: a Spring Framework demonstration,Home,Find Owners,Veterinarians,Expanded scenario 838
839,HomePage_Case_839,http://localhost:8080,PetClinic :: a Spring Framework demonstration,Home,Find Owners,Veterinarians,Expanded scenario 839
840,HomePage_Case_840,http://localhost:8080,PetClinic :: a Spring Framework demonstration,Home,Find Owners,Veterinarians,Expanded scenario 840
841,HomePage_Case_841,http://localhost:8080,PetClinic :: a Spring Framework demonstration,Home,Find Owners,Veterinarians,Expanded scenario 841
842,HomePage_Case_842,http://localhost:8080/,PetClinic :: a Spring Framework demonstration,Home,Find Owners,Veterinarians,Expanded scenario 842
843,HomePage_Case_843,http://localhost:8080,PetClinic :: a Spring Framework demonstration,Home,Find Owners,Veterinarians,Expanded scenario 843
844,HomePage_Case_844,http://localhost:8080,PetClinic :: a Spring Framework demonstration,Home,Find Owners,Veterinarians,Expanded scenario 844
845,HomePage_Case_845,http://localhost:8080,PetClinic :: a Spring Framework demonstration,Home,Find Owners,Veterinarians,Expanded scenario 845
846,HomePage_Case_846,http://localhost:8080,PetClinic :: a Spring Framework demonstration,Home,Find Owners,Veterinarians,Expanded scenario 846
847,HomePage_Case_847,http://localhost:8080,PetClinic :: a Spring Framework demonstration,Home,Find Owners,Veterinarians,Expanded scenario 847
848,HomePage_Case_848,http://localhost:8080,PetClinic :: a Spring Framework demonstration,Home,Find Owners,Veterinarians,Expanded scenario 848
849,HomePage_Case_849,http://localhost:8080,PetClinic :: a Spring Framework demonstration,Home,Find Owners,Veterinarians,Expanded scenario 849
850,HomePage_Case_850,http://localhost:8080,PetClinic :: a Spring Framework demonstration,Home,Find Owners,Veterinarians,Expanded scenario 850
851,HomePage_Case_851,http://localhost:8080,PetClinic :: a Spring Framework demonstration,Home,Find Owners,Veterinarians,Expanded scenario 851
852,HomePage_Case_852,http://localhost:8080/,PetClinic :: a Spring Framework demonstration,Home,Find Owners,Veterinarians,Expanded scenario 852
853,HomePage_Case_853,http://localhost:8080,PetClinic :: a Spring Framework demonstration,Home,Find Owners,Veterinarians,Expanded scenario 853
854,HomePage_Case_854,http://localhost:8080,PetClinic :: a Spring Framework demonstration,Home,Find Owners,Veterinarians,Expanded scenario 854
855,HomePage_Case_855,http://localhost:8080,PetClinic :: a Spring Framework demonstration,Home,Find Owners,Veterinarians,Expanded scenario 855
856,HomePage_Case_856,http://localhost:8080,PetClinic :: a Spring Framework demonstration,Home,Find Owners,Veterinarians,Expanded scenario 856
857,HomePage_Case_857,http://localhost:8080,PetClinic :: a Spring Framework demonstration,Home,Find Owners,Veterinarians,Expanded scenario 857
858,HomePage_Case_858,http://localhost:8080,PetClinic :: a Spring Framework demonstration,Home,Find Owners,Veterinarians,Expanded scenario 858
859,HomePage_Case_859,http://localhost:8080,PetClinic :: a Spring Framework demonstration,Home,Find Owners,Veterinarians,Expanded scenario 859
860,HomePage_Case_860,http://localhost:8080,PetClinic :: a Spring Framework demonstration,Home,Find Owners,Veterinarians,Expanded scenario 860
861,HomePage_Case_861,http://localhost:8080,PetClinic :: a Spring Framework demonstration,Home,Find Owners,Veterinarians,Expanded scenario 861
862,HomePage_Case_862,http://localhost:8080/,PetClinic :: a Spring Framework demonstration,Home,Find Owners,Veterinarians,Expanded scenario 862
863,HomePage_Case_863,http://localhost:8080,PetClinic :: a Spring Framework demonstration,Home,Find Owners,Veterinarians,Expanded scenario 863
864,HomePage_Case_864,http://localhost:8080,PetClinic :: a Spring Framework demonstration,Home,Find Owners,Veterinarians,Expanded scenario 864
865,HomePage_Case_865,http://localhost:8080,PetClinic :: a Spring Framework demonstration,Home,Find Owners,Veterinarians,Expanded scenario 865
866,HomePage_Case_866,http://localhost:8080,PetClinic :: a Spring Framework demonstration,Home,Find Owners,Veterinarians,Expanded scenario 866
867,HomePage_Case_867,http://localhost:8080,PetClinic :: a Spring Framework demonstration,Home,Find Owners,Veterinarians,Expanded scenario 867
868,HomePage_Case_868,http://localhost:8080,PetClinic :: a Spring Framework demonstration,Home,Find Owners,Veterinarians,Expanded scenario 868
869,HomePage_Case_869,http://localhost:8080,PetClinic :: a Spring Framework demonstration,Home,Find Owners,Veterinarians,Expanded scenario 869
870,HomePage_Case_870,http://localhost:8080,PetClinic :: a Spring Framework demonstration,Home,Find Owners,Veterinarians,Expanded scenario 870
871,HomePage_Case_871,http://localhost:8080,PetClinic :: a Spring Framework demonstration,Home,Find Owners,Veterinarians,Expanded scenario 871
872,HomePage_Case_872,http://localhost:8080/,PetClinic :: a Spring Framework demonstration,Home,Find Owners,Veterinarians,Expanded scenario 872
873,HomePage_Case_873,http://localhost:8080,PetClinic :: a Spring Framework demonstration,Home,Find Owners,Veterinarians,Expanded scenario 873
874,HomePage_Case_874,http://localhost:8080,PetClinic :: a Spring Framework demonstration,Home,Find Owners,Veterinarians,Expanded scenario 874
875,HomePage_Case_875,http://localhost:8080,PetClinic :: a Spring Framework demonstration,Home,Find Owners,Veterinarians,Expanded scenario 875
876,HomePage_Case_876,http://localhost:8080,PetClinic :: a Spring Framework demonstration,Home,Find Owners,Veterinarians,Expanded scenario 876
877,HomePage_Case_877,http://localhost:8080,PetClinic :: a Spring Framework demonstration,Home,Find Owners,Veterinarians,Expanded scenario 877
878,HomePage_Case_878,http://localhost:8080,PetClinic :: a Spring Framework demonstration,Home,Find Owners,Veterinarians,Expanded scenario 878
879,HomePage_Case_879,http://localhost:8080,PetClinic :: a Spring Framework demonstration,Home,Find Owners,Veterinarians,Expanded scenario 879
880,HomePage_Case_880,http://localhost:8080,PetClinic :: a Spring Framework demonstration,Home,Find Owners,Veterinarians,Expanded scenario 880
881,HomePage_Case_881,http://localhost:8080,PetClinic :: a Spring Framework demonstration,Home,Find Owners,Veterinarians,Expanded scenario 881
882,HomePage_Case_882,http://localhost:8080/,PetClinic :: a Spring Framework demonstration,Home,Find Owners,Veterinarians,Expanded scenario 882
883,HomePage_Case_883,http://localhost:8080,PetClinic :: a Spring Framework demonstration,Home,Find Owners,Veterinarians,Expanded scenario 883
884,HomePage_Case_884,http://localhost:8080,PetClinic :: a Spring Framework demonstration,Home,Find Owners,Veterinarians,Expanded scenario 884
885,HomePage_Case_885,http://localhost:8080,PetClinic :: a Spring Framework demonstration,Home,Find Owners,Veterinarians,Expanded scenario 885
886,HomePage_Case_886,http://localhost:8080,PetClinic :: a Spring Framework demonstration,Home,Find Owners,Veterinarians,Expanded scenario 886
887,HomePage_Case_887,http://localhost:8080,PetClinic :: a Spring Framework demonstration,Home,Find Owners,Veterinarians,Expanded scenario 887
888,HomePage_Case_888,http://localhost:8080,PetClinic :: a Spring Framework demonstration,Home,Find Owners,Veterinarians,Expanded scenario 888
889,HomePage_Case_889,http://localhost:8080,PetClinic :: a Spring Framework demonstration,Home,Find Owners,Veterinarians,Expanded scenario 889
890,HomePage_Case_890,http://localhost:8080,PetClinic :: a Spring Framework demonstration,Home,Find Owners,Veterinarians,Expanded scenario 890
891,HomePage_Case_891,http://localhost:8080,PetClinic :: a Spring Framework demonstration,Home,Find Owners,Veterinarians,Expanded scenario 891
892,HomePage_Case_892,http://localhost:8080/,PetClinic :: a Spring Framework demonstration,Home,Find Owners,Veterinarians,Expanded scenario 892
893,HomePage_Case_893,http://localhost:8080,PetClinic :: a Spring Framework demonstration,Home,Find Owners,Veterinarians,Expanded scenario 893
894,HomePage_Case_894,http://localhost:8080,PetClinic :: a Spring Framework demonstration,Home,Find Owners,Veterinarians,Expanded scenario 894
895,HomePage_Case_895,http://localhost:8080,PetClinic :: a Spring Framework demonstration,Home,Find Owners,Veterinarians,Expanded scenario 895
896,HomePage_Case_896,http://localhost:8080,PetClinic :: a Spring Framework demonstration,Home,Find Owners,Veterinarians,Expanded scenario 896
897,HomePage_Case_897,http://localhost:8080,PetClinic :: a Spring Framework demonstration,Home,Find Owners,Veterinarians,Expanded scenario 897
898,HomePage_Case_898,http://localhost:8080,PetClinic :: a Spring Framework demonstration,Home,Find Owners,Veterinarians,Expanded scenario 898
899,HomePage_Case_899,http://localhost:8080,PetClinic :: a Spring Framework demonstration,Home,Find Owners,Veterinarians,Expanded scenario 899
900,HomePage_Case_900,http://localhost:8080,PetClinic :: a Spring Framework demonstration,Home,Find Owners,Veterinarians,Expanded scenario 900
901,HomePage_Case_901,http://localhost:8080,PetClinic :: a Spring Framework demonstration,Home,Find Owners,Veterinarians,Expanded scenario 901
902,HomePage_Case_902,http://localhost:8080/,PetClinic :: a Spring Framework demonstration,Home,Find Owners,Veterinarians,Expanded scenario 902
903,HomePage_Case_903,http://localhost:8080,PetClinic :: a Spring Framework demonstration,Home,Find Owners,Veterinarians,Expanded scenario 903
904,HomePage_Case_904,http://localhost:8080,PetClinic :: a Spring Framework demonstration,Home,Find Owners,Veterinarians,Expanded scenario 904
905,HomePage_Case_905,http://localhost:8080,PetClinic :: a Spring Framework demonstration,Home,Find Owners,Veterinarians,Expanded scenario 905
906,HomePage_Case_906,http://localhost:8080,PetClinic :: a Spring Framework demonstration,Home,Find Owners,Veterinarians,Expanded scenario 906
907,HomePage_Case_907,http://localhost:8080,PetClinic :: a Spring Framework demonstration,Home,Find Owners,Veterinarians,Expanded scenario 907
908,HomePage_Case_908,http://localhost:8080,PetClinic :: a Spring Framework demonstration,Home,Find Owners,Veterinarians,Expanded scenario 908
909,HomePage_Case_909,http://localhost:8080,PetClinic :: a Spring Framework demonstration,Home,Find Owners,Veterinarians,Expanded scenario 909
910,HomePage_Case_910,http://localhost:8080,PetClinic :: a Spring Framework demonstration,Home,Find Owners,Veterinarians,Expanded scenario 910
911,HomePage_Case_911,http://localhost:8080,PetClinic :: a Spring Framework demonstration,Home,Find Owners,Veterinarians,Expanded scenario 911
912,HomePage_Case_912,http://localhost:8080/,PetClinic :: a Spring Framework demonstration,Home,Find Owners,Veterinarians,Expanded scenario 912
913,HomePage_Case_913,http://localhost:8080,PetClinic :: a Spring Framework demonstration,Home,Find Owners,Veterinarians,Expanded scenario 913
914,HomePage_Case_914,http://localhost:8080,PetClinic :: a Spring Framework demonstration,Home,Find Owners,Veterinarians,Expanded scenario 914
915,HomePage_Case_915,http://localhost:8080,PetClinic :: a Spring Framework demonstration,Home,Find Owners,Veterinarians,Expanded scenario 915
916,HomePage_Case_916,http://localhost:8080,PetClinic :: a Spring Framework demonstration,Home,Find Owners,Veterinarians,Expanded scenario 916
917,HomePage_Case_917,http://localhost:8080,PetClinic :: a Spring Framework demonstration,Home,Find Owners,Veterinarians,Expanded scenario 917
918,HomePage_Case_918,http://localhost:8080,PetClinic :: a Spring Framework demonstration,Home,Find Owners,Veterinarians,Expanded scenario 918
919,HomePage_Case_919,http://localhost:8080,PetClinic :: a Spring Framework demonstration,Home,Find Owners,Veterinarians,Expanded scenario 919
920,HomePage_Case_920,http://localhost:8080,PetClinic :: a Spring Framework demonstration,Home,Find Owners,Veterinarians,Expanded scenario 920
921,HomePage_Case_921,http://localhost:8080,PetClinic :: a Spring Framework demonstration,Home,Find Owners,Veterinarians,Expanded scenario 921
922,HomePage_Case_922,http://localhost:8080/,PetClinic :: a Spring Framework demonstration,Home,Find Owners,Veterinarians,Expanded scenario 922
923,HomePage_Case_923,http://localhost:8080,PetClinic :: a Spring Framework demonstration,Home,Find Owners,Veterinarians,Expanded scenario 923
924,HomePage_Case_924,http://localhost:8080,PetClinic :: a Spring Framework demonstration,Home,Find Owners,Veterinarians,Expanded scenario 924
925,HomePage_Case_925,http://localhost:8080,PetClinic :: a Spring Framework demonstration,Home,Find Owners,Veterinarians,Expanded scenario 925
926,HomePage_Case_926,http://localhost:8080,PetClinic :: a Spring Framework demonstration,Home,Find Owners,Veterinarians,Expanded scenario 926
927,HomePage_Case_927,http://localhost:8080,PetClinic :: a Spring Framework demonstration,Home,Find Owners,Veterinarians,Expanded scenario 927
928,HomePage_Case_928,http://localhost:8080,PetClinic :: a Spring Framework demonstration,Home,Find Owners,Veterinarians,Expanded scenario 928
929,HomePage_Case_929,http://localhost:8080,PetClinic :: a Spring Framework demonstration,Home,Find Owners,Veterinarians,Expanded scenario 929
930,HomePage_Case_930,http://localhost:8080,PetClinic :: a Spring Framework demonstration,Home,Find Owners,Veterinarians,Expanded scenario 930
931,HomePage_Case_931,http://localhost:8080,PetClinic :: a Spring Framework demonstration,Home,Find Owners,Veterinarians,Expanded scenario 931
932,HomePage_Case_932,http://localhost:8080/,PetClinic :: a Spring Framework demonstration,Home,Find Owners,Veterinarians,Expanded scenario 932
933,HomePage_Case_933,http://localhost:8080,PetClinic :: a Spring Framework demonstration,Home,Find Owners,Veterinarians,Expanded scenario 933
934,HomePage_Case_934,http://localhost:8080,PetClinic :: a Spring Framework demonstration,Home,Find Owners,Veterinarians,Expanded scenario 934
935,HomePage_Case_935,http://localhost:8080,PetClinic :: a Spring Framework demonstration,Home,Find Owners,Veterinarians,Expanded scenario 935
936,HomePage_Case_936,http://localhost:8080,PetClinic :: a Spring Framework demonstration,Home,Find Owners,Veterinarians,Expanded scenario 936
937,HomePage_Case_937,http://localhost:8080,PetClinic :: a Spring Framework demonstration,Home,Find Owners,Veterinarians,Expanded scenario 937
938,HomePage_Case_938,http://localhost:8080,PetClinic :: a Spring Framework demonstration,Home,Find Owners,Veterinarians,Expanded scenario 938
939,HomePage_Case_939,http://localhost:8080,PetClinic :: a Spring Framework demonstration,Home,Find Owners,Veterinarians,Expanded scenario 939
940,HomePage_Case_940,http://localhost:8080,PetClinic :: a Spring Framework demonstration,Home,Find Owners,Veterinarians,Expanded scenario 940
941,HomePage_Case_941,http://localhost:8080,PetClinic :: a Spring Framework demonstration,Home,Find Owners,Veterinarians,Expanded scenario 941
942,HomePage_Case_942,http://localhost:8080/,PetClinic :: a Spring Framework demonstration,Home,Find Owners,Veterinarians,Expanded scenario 942
943,HomePage_Case_943,http://localhost:8080,PetClinic :: a Spring Framework demonstration,Home,Find Owners,Veterinarians,Expanded scenario 943
944,HomePage_Case_944,http://localhost:8080,PetClinic :: a Spring Framework demonstration,Home,Find Owners,Veterinarians,Expanded scenario 944
945,HomePage_Case_945,http://localhost:8080,PetClinic :: a Spring Framework demonstration,Home,Find Owners,Veterinarians,Expanded scenario 945
946,HomePage_Case_946,http://localhost:8080,PetClinic :: a Spring Framework demonstration,Home,Find Owners,Veterinarians,Expanded scenario 946
947,HomePage_Case_947,http://localhost:8080,PetClinic :: a Spring Framework demonstration,Home,Find Owners,Veterinarians,Expanded scenario 947
948,HomePage_Case_948,http://localhost:8080,PetClinic :: a Spring Framework demonstration,Home,Find Owners,Veterinarians,Expanded scenario 948
949,HomePage_Case_949,http://localhost:8080,PetClinic :: a Spring Framework demonstration,Home,Find Owners,Veterinarians,Expanded scenario 949
950,HomePage_Case_950,http://localhost:8080,PetClinic :: a Spring Framework demonstration,Home,Find Owners,Veterinarians,Expanded scenario 950
951,HomePage_Case_951,http://localhost:8080,PetClinic :: a Spring Framework demonstration,Home,Find Owners,Veterinarians,Expanded scenario 951
952,HomePage_Case_952,http://localhost:8080/,PetClinic :: a Spring Framework demonstration,Home,Find Owners,Veterinarians,Expanded scenario 952
953,HomePage_Case_953,http://localhost:8080,PetClinic :: a Spring Framework demonstration,Home,Find Owners,Veterinarians,Expanded scenario 953
954,HomePage_Case_954,http://localhost:8080,PetClinic :: a Spring Framework demonstration,Home,Find Owners,Veterinarians,Expanded scenario 954
955,HomePage_Case_955,http://localhost:8080,PetClinic :: a Spring Framework demonstration,Home,Find Owners,Veterinarians,Expanded scenario 955
956,HomePage_Case_956,http://localhost:8080,PetClinic :: a Spring Framework demonstration,Home,Find Owners,Veterinarians,Expanded scenario 956
957,HomePage_Case_957,http://localhost:8080,PetClinic :: a Spring Framework demonstration,Home,Find Owners,Veterinarians,Expanded scenario 957
958,HomePage_Case_958,http://localhost:8080,PetClinic :: a Spring Framework demonstration,Home,Find Owners,Veterinarians,Expanded scenario 958
959,HomePage_Case_959,http://localhost:8080,PetClinic :: a Spring Framework demonstration,Home,Find Owners,Veterinarians,Expanded scenario 959
960,HomePage_Case_960,http://localhost:8080,PetClinic :: a Spring Framework demonstration,Home,Find Owners,Veterinarians,Expanded scenario 960
961,HomePage_Case_961,http://localhost:8080,PetClinic :: a Spring Framework demonstration,Home,Find Owners,Veterinarians,Expanded scenario 961
962,HomePage_Case_962,http://localhost:8080/,PetClinic :: a Spring Framework demonstration,Home,Find Owners,Veterinarians,Expanded scenario 962
963,HomePage_Case_963,http://localhost:8080,PetClinic :: a Spring Framework demonstration,Home,Find Owners,Veterinarians,Expanded scenario 963
964,HomePage_Case_964,http://localhost:8080,PetClinic :: a Spring Framework demonstration,Home,Find Owners,Veterinarians,Expanded scenario 964
965,HomePage_Case_965,http://localhost:8080,PetClinic :: a Spring Framework demonstration,Home,Find Owners,Veterinarians,Expanded scenario 965
966,HomePage_Case_966,http://localhost:8080,PetClinic :: a Spring Framework demonstration,Home,Find Owners,Veterinarians,Expanded scenario 966
967,HomePage_Case_967,http://localhost:8080,PetClinic :: a Spring Framework demonstration,Home,Find Owners,Veterinarians,Expanded scenario 967
968,HomePage_Case_968,http://localhost:8080,PetClinic :: a Spring Framework demonstration,Home,Find Owners,Veterinarians,Expanded scenario 968
969,HomePage_Case_969,http://localhost:8080,PetClinic :: a Spring Framework demonstration,Home,Find Owners,Veterinarians,Expanded scenario 969
970,HomePage_Case_970,http://localhost:8080,PetClinic :: a Spring Framework demonstration,Home,Find Owners,Veterinarians,Expanded scenario 970
971,HomePage_Case_971,http://localhost:8080,PetClinic :: a Spring Framework demonstration,Home,Find Owners,Veterinarians,Expanded scenario 971
972,HomePage_Case_972,http://localhost:8080/,PetClinic :: a Spring Framework demonstration,Home,Find Owners,Veterinarians,Expanded scenario 972
973,HomePage_Case_973,http://localhost:8080,PetClinic :: a Spring Framework demonstration,Home,Find Owners,Veterinarians,Expanded scenario 973
974,HomePage_Case_974,http://localhost:8080,PetClinic :: a Spring Framework demonstration,Home,Find Owners,Veterinarians,Expanded scenario 974
975,HomePage_Case_975,http://localhost:8080,PetClinic :: a Spring Framework demonstration,Home,Find Owners,Veterinarians,Expanded scenario 975
976,HomePage_Case_976,http://localhost:8080,PetClinic :: a Spring Framework demonstration,Home,Find Owners,Veterinarians,Expanded scenario 976
977,HomePage_Case_977,http://localhost:8080,PetClinic :: a Spring Framework demonstration,Home,Find Owners,Veterinarians,Expanded scenario 977
978,HomePage_Case_978,http://localhost:8080,PetClinic :: a Spring Framework demonstration,Home,Find Owners,Veterinarians,Expanded scenario 978
979,HomePage_Case_979,http://localhost:8080,PetClinic :: a Spring Framework demonstration,Home,Find Owners,Veterinarians,Expanded scenario 979
980,HomePage_Case_980,http://localhost:8080,PetClinic :: a Spring Framework demonstration,Home,Find Owners,Veterinarians,Expanded scenario 980
981,HomePage_Case_981,http://localhost:8080,PetClinic :: a Spring Framework demonstration,Home,Find Owners,Veterinarians,Expanded scenario 981
982,HomePage_Case_982,http://localhost:8080/,PetClinic :: a Spring Framework demonstration,Home,Find Owners,Veterinarians,Expanded scenario 982
983,HomePage_Case_983,http://localhost:8080,PetClinic :: a Spring Framework demonstration,Home,Find Owners,Veterinarians,Expanded scenario 983
984,HomePage_Case_984,http://localhost:8080,PetClinic :: a Spring Framework demonstration,Home,Find Owners,Veterinarians,Expanded scenario 984
985,HomePage_Case_985,http://localhost:8080,PetClinic :: a Spring Framework demonstration,Home,Find Owners,Veterinarians,Expanded scenario 985
986,HomePage_Case_986,http://localhost:8080,PetClinic :: a Spring Framework demonstration,Home,Find Owners,Veterinarians,Expanded scenario 986
987,HomePage_Case_987,http://localhost:8080,PetClinic :: a Spring Framework demonstration,Home,Find Owners,Veterinarians,Expanded scenario 987
988,HomePage_Case_988,http://localhost:8080,PetClinic :: a Spring Framework demonstration,Home,Find Owners,Veterinarians,Expanded scenario 988
989,HomePage_Case_989,http://localhost:8080,PetClinic :: a Spring Framework demonstration,Home,Find Owners,Veterinarians,Expanded scenario 989
990,HomePage_Case_990,http://localhost:8080,PetClinic :: a Spring Framework demonstration,Home,Find Owners,Veterinarians,Expanded scenario 990
991,HomePage_Case_991,http://localhost:8080,PetClinic :: a Spring Framework demonstration,Home,Find Owners,Veterinarians,Expanded scenario 991
992,HomePage_Case_992,http://localhost:8080/,PetClinic :: a Spring Framework demonstration,Home,Find Owners,Veterinarians,Expanded scenario 992
993,HomePage_Case_993,http://localhost:8080,PetClinic :: a Spring Framework demonstration,Home,Find Owners,Veterinarians,Expanded scenario 993
994,HomePage_Case_994,http://localhost:8080,PetClinic :: a Spring Framework demonstration,Home,Find Owners,Veterinarians,Expanded scenario 994
995,HomePage_Case_995,http://localhost:8080,PetClinic :: a Spring Framework demonstration,Home,Find Owners,Veterinarians,Expanded scenario 995
996,HomePage_Case_996,http://localhost:8080,PetClinic :: a Spring Framework demonstration,Home,Find Owners,Veterinarians,Expanded scenario 996
997,HomePage_Case_997,http://localhost:8080,PetClinic :: a Spring Framework demonstration,Home,Find Owners,Veterinarians,Expanded scenario 997
998,HomePage_Case_998,http://localhost:8080,PetClinic :: a Spring Framework demonstration,Home,Find Owners,Veterinarians,Expanded scenario 998
999,HomePage_Case_999,http://localhost:8080,PetClinic :: a Spring Framework demonstration,Home,Find Owners,Veterinarians,Expanded scenario 999
1000,HomePage_Case_1000,http://localhost:8080,PetClinic :: a Spring Framework demonstration,Home,Find Owners,Veterinarians,Expanded scenario 1000
